image_id,prediction
test_000000,class_027
test_000001,class_071
test_000002,class_029
test_000003,class_107
test_000004,class_080
test_000005,class_059
test_000006,class_027
test_000007,class_098
test_000008,class_059
test_000009,class_093
test_000010,class_040
test_000011,class_103
test_000012,class_001
test_000013,class_079
test_000014,class_000
test_000015,class_066
test_000016,class_037
test_000017,class_029
test_000018,class_003
test_000019,class_047
test_000020,class_005
test_000021,class_105
test_000022,class_015
test_000023,class_100
test_000024,class_093
test_000025,class_021
test_000026,class_046
test_000027,class_039
test_000028,class_065
test_000029,class_062
test_000030,class_088
test_000031,class_013
test_000032,class_015
test_000033,class_010
test_000034,class_010
test_000035,class_080
test_000036,class_089
test_000037,class_064
test_000038,class_102
test_000039,class_053
test_000040,class_003
test_000041,class_028
test_000042,class_088
test_000043,class_073
test_000044,class_069
test_000045,class_023
test_000046,class_097
test_000047,class_105
test_000048,class_077
test_000049,class_055
test_000050,class_091
test_000051,class_057
test_000052,class_091
test_000053,class_083
test_000054,class_063
test_000055,class_075
test_000056,class_013
test_000057,class_090
test_000058,class_001
test_000059,class_023
test_000060,class_081
test_000061,class_038
test_000062,class_086
test_000063,class_037
test_000064,class_097
test_000065,class_006
test_000066,class_025
test_000067,class_092
test_000068,class_019
test_000069,class_088
test_000070,class_064
test_000071,class_028
test_000072,class_092
test_000073,class_027
test_000074,class_087
test_000075,class_016
test_000076,class_078
test_000077,class_084
test_000078,class_042
test_000079,class_009
test_000080,class_059
test_000081,class_050
test_000082,class_087
test_000083,class_097
test_000084,class_003
test_000085,class_050
test_000086,class_063
test_000087,class_050
test_000088,class_061
test_000089,class_001
test_000090,class_047
test_000091,class_082
test_000092,class_106
test_000093,class_063
test_000094,class_023
test_000095,class_092
test_000096,class_051
test_000097,class_074
test_000098,class_096
test_000099,class_006
test_000100,class_073
test_000101,class_068
test_000102,class_016
test_000103,class_083
test_000104,class_079
test_000105,class_051
test_000106,class_038
test_000107,class_095
test_000108,class_019
test_000109,class_021
test_000110,class_043
test_000111,class_056
test_000112,class_079
test_000113,class_020
test_000114,class_023
test_000115,class_014
test_000116,class_075
test_000117,class_057
test_000118,class_001
test_000119,class_018
test_000120,class_098
test_000121,class_073
test_000122,class_045
test_000123,class_070
test_000124,class_008
test_000125,class_044
test_000126,class_081
test_000127,class_051
test_000128,class_016
test_000129,class_016
test_000130,class_046
test_000131,class_007
test_000132,class_016
test_000133,class_000
test_000134,class_015
test_000135,class_064
test_000136,class_044
test_000137,class_094
test_000138,class_072
test_000139,class_070
test_000140,class_015
test_000141,class_033
test_000142,class_107
test_000143,class_024
test_000144,class_023
test_000145,class_046
test_000146,class_073
test_000147,class_061
test_000148,class_029
test_000149,class_034
test_000150,class_055
test_000151,class_052
test_000152,class_091
test_000153,class_033
test_000154,class_091
test_000155,class_013
test_000156,class_100
test_000157,class_048
test_000158,class_080
test_000159,class_100
test_000160,class_053
test_000161,class_056
test_000162,class_045
test_000163,class_004
test_000164,class_002
test_000165,class_038
test_000166,class_014
test_000167,class_107
test_000168,class_078
test_000169,class_071
test_000170,class_042
test_000171,class_049
test_000172,class_096
test_000173,class_107
test_000174,class_079
test_000175,class_012
test_000176,class_026
test_000177,class_030
test_000178,class_100
test_000179,class_048
test_000180,class_025
test_000181,class_095
test_000182,class_002
test_000183,class_052
test_000184,class_005
test_000185,class_036
test_000186,class_059
test_000187,class_024
test_000188,class_007
test_000189,class_000
test_000190,class_061
test_000191,class_024
test_000192,class_013
test_000193,class_000
test_000194,class_043
test_000195,class_099
test_000196,class_079
test_000197,class_002
test_000198,class_038
test_000199,class_052
test_000200,class_076
test_000201,class_017
test_000202,class_009
test_000203,class_060
test_000204,class_008
test_000205,class_067
test_000206,class_081
test_000207,class_013
test_000208,class_010
test_000209,class_055
test_000210,class_010
test_000211,class_011
test_000212,class_073
test_000213,class_078
test_000214,class_029
test_000215,class_067
test_000216,class_083
test_000217,class_098
test_000218,class_106
test_000219,class_096
test_000220,class_001
test_000221,class_017
test_000222,class_106
test_000223,class_096
test_000224,class_050
test_000225,class_001
test_000226,class_054
test_000227,class_073
test_000228,class_106
test_000229,class_086
test_000230,class_011
test_000231,class_032
test_000232,class_018
test_000233,class_067
test_000234,class_078
test_000235,class_044
test_000236,class_085
test_000237,class_074
test_000238,class_076
test_000239,class_037
test_000240,class_096
test_000241,class_006
test_000242,class_023
test_000243,class_082
test_000244,class_052
test_000245,class_019
test_000246,class_031
test_000247,class_044
test_000248,class_035
test_000249,class_090
test_000250,class_086
test_000251,class_000
test_000252,class_004
test_000253,class_046
test_000254,class_057
test_000255,class_045
test_000256,class_045
test_000257,class_060
test_000258,class_053
test_000259,class_101
test_000260,class_024
test_000261,class_018
test_000262,class_006
test_000263,class_020
test_000264,class_001
test_000265,class_100
test_000266,class_033
test_000267,class_000
test_000268,class_073
test_000269,class_030
test_000270,class_025
test_000271,class_022
test_000272,class_098
test_000273,class_004
test_000274,class_032
test_000275,class_062
test_000276,class_086
test_000277,class_092
test_000278,class_097
test_000279,class_107
test_000280,class_078
test_000281,class_082
test_000282,class_068
test_000283,class_073
test_000284,class_100
test_000285,class_063
test_000286,class_080
test_000287,class_046
test_000288,class_064
test_000289,class_096
test_000290,class_100
test_000291,class_026
test_000292,class_082
test_000293,class_020
test_000294,class_044
test_000295,class_064
test_000296,class_034
test_000297,class_009
test_000298,class_095
test_000299,class_082
test_000300,class_044
test_000301,class_001
test_000302,class_000
test_000303,class_038
test_000304,class_107
test_000305,class_034
test_000306,class_043
test_000307,class_047
test_000308,class_025
test_000309,class_005
test_000310,class_074
test_000311,class_079
test_000312,class_010
test_000313,class_050
test_000314,class_011
test_000315,class_090
test_000316,class_060
test_000317,class_048
test_000318,class_056
test_000319,class_098
test_000320,class_054
test_000321,class_010
test_000322,class_019
test_000323,class_064
test_000324,class_013
test_000325,class_010
test_000326,class_064
test_000327,class_084
test_000328,class_067
test_000329,class_026
test_000330,class_032
test_000331,class_053
test_000332,class_103
test_000333,class_016
test_000334,class_068
test_000335,class_103
test_000336,class_037
test_000337,class_099
test_000338,class_090
test_000339,class_066
test_000340,class_099
test_000341,class_062
test_000342,class_029
test_000343,class_054
test_000344,class_091
test_000345,class_067
test_000346,class_078
test_000347,class_051
test_000348,class_058
test_000349,class_075
test_000350,class_085
test_000351,class_054
test_000352,class_010
test_000353,class_103
test_000354,class_056
test_000355,class_093
test_000356,class_060
test_000357,class_083
test_000358,class_035
test_000359,class_091
test_000360,class_076
test_000361,class_074
test_000362,class_082
test_000363,class_011
test_000364,class_017
test_000365,class_040
test_000366,class_023
test_000367,class_100
test_000368,class_078
test_000369,class_086
test_000370,class_026
test_000371,class_106
test_000372,class_083
test_000373,class_057
test_000374,class_027
test_000375,class_067
test_000376,class_044
test_000377,class_077
test_000378,class_055
test_000379,class_105
test_000380,class_085
test_000381,class_004
test_000382,class_032
test_000383,class_090
test_000384,class_083
test_000385,class_042
test_000386,class_036
test_000387,class_097
test_000388,class_029
test_000389,class_020
test_000390,class_088
test_000391,class_088
test_000392,class_052
test_000393,class_106
test_000394,class_068
test_000395,class_028
test_000396,class_072
test_000397,class_101
test_000398,class_050
test_000399,class_085
test_000400,class_032
test_000401,class_053
test_000402,class_051
test_000403,class_022
test_000404,class_031
test_000405,class_042
test_000406,class_031
test_000407,class_022
test_000408,class_095
test_000409,class_062
test_000410,class_090
test_000411,class_076
test_000412,class_065
test_000413,class_035
test_000414,class_003
test_000415,class_029
test_000416,class_087
test_000417,class_074
test_000418,class_097
test_000419,class_077
test_000420,class_075
test_000421,class_089
test_000422,class_043
test_000423,class_085
test_000424,class_057
test_000425,class_079
test_000426,class_100
test_000427,class_044
test_000428,class_029
test_000429,class_087
test_000430,class_058
test_000431,class_013
test_000432,class_064
test_000433,class_021
test_000434,class_096
test_000435,class_046
test_000436,class_003
test_000437,class_095
test_000438,class_048
test_000439,class_071
test_000440,class_057
test_000441,class_049
test_000442,class_028
test_000443,class_040
test_000444,class_050
test_000445,class_063
test_000446,class_018
test_000447,class_063
test_000448,class_055
test_000449,class_050
test_000450,class_046
test_000451,class_083
test_000452,class_026
test_000453,class_074
test_000454,class_055
test_000455,class_021
test_000456,class_037
test_000457,class_006
test_000458,class_073
test_000459,class_004
test_000460,class_083
test_000461,class_106
test_000462,class_035
test_000463,class_040
test_000464,class_081
test_000465,class_031
test_000466,class_081
test_000467,class_074
test_000468,class_056
test_000469,class_033
test_000470,class_076
test_000471,class_012
test_000472,class_040
test_000473,class_078
test_000474,class_074
test_000475,class_057
test_000476,class_014
test_000477,class_087
test_000478,class_020
test_000479,class_106
test_000480,class_022
test_000481,class_073
test_000482,class_056
test_000483,class_026
test_000484,class_062
test_000485,class_003
test_000486,class_012
test_000487,class_053
test_000488,class_059
test_000489,class_076
test_000490,class_074
test_000491,class_103
test_000492,class_026
test_000493,class_052
test_000494,class_045
test_000495,class_011
test_000496,class_087
test_000497,class_074
test_000498,class_076
test_000499,class_060
test_000500,class_056
test_000501,class_006
test_000502,class_009
test_000503,class_005
test_000504,class_050
test_000505,class_044
test_000506,class_016
test_000507,class_103
test_000508,class_091
test_000509,class_020
test_000510,class_074
test_000511,class_026
test_000512,class_020
test_000513,class_055
test_000514,class_068
test_000515,class_035
test_000516,class_009
test_000517,class_080
test_000518,class_059
test_000519,class_067
test_000520,class_047
test_000521,class_001
test_000522,class_070
test_000523,class_091
test_000524,class_070
test_000525,class_043
test_000526,class_012
test_000527,class_049
test_000528,class_084
test_000529,class_042
test_000530,class_016
test_000531,class_038
test_000532,class_098
test_000533,class_100
test_000534,class_008
test_000535,class_085
test_000536,class_106
test_000537,class_094
test_000538,class_019
test_000539,class_002
test_000540,class_074
test_000541,class_072
test_000542,class_036
test_000543,class_082
test_000544,class_078
test_000545,class_015
test_000546,class_003
test_000547,class_082
test_000548,class_079
test_000549,class_000
test_000550,class_097
test_000551,class_104
test_000552,class_013
test_000553,class_093
test_000554,class_006
test_000555,class_105
test_000556,class_062
test_000557,class_025
test_000558,class_004
test_000559,class_079
test_000560,class_038
test_000561,class_083
test_000562,class_045
test_000563,class_029
test_000564,class_043
test_000565,class_037
test_000566,class_036
test_000567,class_058
test_000568,class_101
test_000569,class_035
test_000570,class_076
test_000571,class_034
test_000572,class_018
test_000573,class_052
test_000574,class_079
test_000575,class_009
test_000576,class_064
test_000577,class_018
test_000578,class_024
test_000579,class_073
test_000580,class_026
test_000581,class_035
test_000582,class_103
test_000583,class_005
test_000584,class_044
test_000585,class_075
test_000586,class_001
test_000587,class_096
test_000588,class_019
test_000589,class_040
test_000590,class_049
test_000591,class_028
test_000592,class_049
test_000593,class_060
test_000594,class_055
test_000595,class_073
test_000596,class_064
test_000597,class_093
test_000598,class_038
test_000599,class_066
test_000600,class_013
test_000601,class_023
test_000602,class_016
test_000603,class_035
test_000604,class_039
test_000605,class_033
test_000606,class_052
test_000607,class_017
test_000608,class_065
test_000609,class_048
test_000610,class_097
test_000611,class_094
test_000612,class_031
test_000613,class_002
test_000614,class_105
test_000615,class_028
test_000616,class_002
test_000617,class_018
test_000618,class_047
test_000619,class_015
test_000620,class_042
test_000621,class_054
test_000622,class_014
test_000623,class_062
test_000624,class_048
test_000625,class_018
test_000626,class_097
test_000627,class_042
test_000628,class_087
test_000629,class_013
test_000630,class_095
test_000631,class_029
test_000632,class_043
test_000633,class_099
test_000634,class_010
test_000635,class_022
test_000636,class_086
test_000637,class_065
test_000638,class_009
test_000639,class_015
test_000640,class_057
test_000641,class_039
test_000642,class_087
test_000643,class_094
test_000644,class_086
test_000645,class_061
test_000646,class_087
test_000647,class_060
test_000648,class_056
test_000649,class_047
test_000650,class_004
test_000651,class_021
test_000652,class_040
test_000653,class_041
test_000654,class_003
test_000655,class_058
test_000656,class_027
test_000657,class_096
test_000658,class_104
test_000659,class_055
test_000660,class_007
test_000661,class_049
test_000662,class_022
test_000663,class_042
test_000664,class_050
test_000665,class_006
test_000666,class_079
test_000667,class_066
test_000668,class_050
test_000669,class_027
test_000670,class_012
test_000671,class_062
test_000672,class_065
test_000673,class_050
test_000674,class_080
test_000675,class_013
test_000676,class_010
test_000677,class_050
test_000678,class_022
test_000679,class_097
test_000680,class_011
test_000681,class_036
test_000682,class_037
test_000683,class_017
test_000684,class_083
test_000685,class_031
test_000686,class_015
test_000687,class_083
test_000688,class_013
test_000689,class_050
test_000690,class_102
test_000691,class_039
test_000692,class_066
test_000693,class_051
test_000694,class_097
test_000695,class_020
test_000696,class_070
test_000697,class_056
test_000698,class_018
test_000699,class_022
test_000700,class_076
test_000701,class_026
test_000702,class_028
test_000703,class_000
test_000704,class_083
test_000705,class_101
test_000706,class_025
test_000707,class_052
test_000708,class_095
test_000709,class_105
test_000710,class_067
test_000711,class_092
test_000712,class_095
test_000713,class_070
test_000714,class_101
test_000715,class_013
test_000716,class_014
test_000717,class_023
test_000718,class_077
test_000719,class_011
test_000720,class_060
test_000721,class_060
test_000722,class_045
test_000723,class_072
test_000724,class_080
test_000725,class_053
test_000726,class_012
test_000727,class_103
test_000728,class_081
test_000729,class_007
test_000730,class_093
test_000731,class_074
test_000732,class_028
test_000733,class_103
test_000734,class_044
test_000735,class_036
test_000736,class_049
test_000737,class_041
test_000738,class_033
test_000739,class_082
test_000740,class_066
test_000741,class_094
test_000742,class_007
test_000743,class_089
test_000744,class_057
test_000745,class_103
test_000746,class_102
test_000747,class_066
test_000748,class_059
test_000749,class_103
test_000750,class_080
test_000751,class_001
test_000752,class_097
test_000753,class_075
test_000754,class_105
test_000755,class_098
test_000756,class_006
test_000757,class_005
test_000758,class_100
test_000759,class_028
test_000760,class_058
test_000761,class_005
test_000762,class_014
test_000763,class_014
test_000764,class_072
test_000765,class_075
test_000766,class_061
test_000767,class_053
test_000768,class_009
test_000769,class_093
test_000770,class_077
test_000771,class_055
test_000772,class_012
test_000773,class_044
test_000774,class_092
test_000775,class_052
test_000776,class_092
test_000777,class_002
test_000778,class_049
test_000779,class_046
test_000780,class_091
test_000781,class_028
test_000782,class_065
test_000783,class_050
test_000784,class_077
test_000785,class_054
test_000786,class_075
test_000787,class_065
test_000788,class_067
test_000789,class_087
test_000790,class_025
test_000791,class_094
test_000792,class_030
test_000793,class_060
test_000794,class_011
test_000795,class_106
test_000796,class_099
test_000797,class_019
test_000798,class_100
test_000799,class_032
test_000800,class_010
test_000801,class_074
test_000802,class_059
test_000803,class_071
test_000804,class_081
test_000805,class_051
test_000806,class_039
test_000807,class_056
test_000808,class_083
test_000809,class_065
test_000810,class_084
test_000811,class_067
test_000812,class_081
test_000813,class_060
test_000814,class_099
test_000815,class_028
test_000816,class_078
test_000817,class_034
test_000818,class_090
test_000819,class_078
test_000820,class_051
test_000821,class_008
test_000822,class_016
test_000823,class_091
test_000824,class_067
test_000825,class_072
test_000826,class_024
test_000827,class_041
test_000828,class_008
test_000829,class_072
test_000830,class_049
test_000831,class_057
test_000832,class_016
test_000833,class_069
test_000834,class_035
test_000835,class_064
test_000836,class_083
test_000837,class_060
test_000838,class_008
test_000839,class_048
test_000840,class_099
test_000841,class_090
test_000842,class_018
test_000843,class_037
test_000844,class_051
test_000845,class_006
test_000846,class_065
test_000847,class_084
test_000848,class_097
test_000849,class_023
test_000850,class_105
test_000851,class_041
test_000852,class_037
test_000853,class_030
test_000854,class_093
test_000855,class_021
test_000856,class_026
test_000857,class_034
test_000858,class_011
test_000859,class_095
test_000860,class_062
test_000861,class_013
test_000862,class_027
test_000863,class_047
test_000864,class_051
test_000865,class_041
test_000866,class_084
test_000867,class_074
test_000868,class_077
test_000869,class_069
test_000870,class_013
test_000871,class_098
test_000872,class_068
test_000873,class_102
test_000874,class_024
test_000875,class_041
test_000876,class_038
test_000877,class_027
test_000878,class_038
test_000879,class_095
test_000880,class_094
test_000881,class_099
test_000882,class_004
test_000883,class_098
test_000884,class_065
test_000885,class_039
test_000886,class_082
test_000887,class_055
test_000888,class_035
test_000889,class_076
test_000890,class_093
test_000891,class_058
test_000892,class_083
test_000893,class_040
test_000894,class_051
test_000895,class_056
test_000896,class_002
test_000897,class_058
test_000898,class_083
test_000899,class_004
test_000900,class_099
test_000901,class_072
test_000902,class_089
test_000903,class_102
test_000904,class_006
test_000905,class_054
test_000906,class_053
test_000907,class_016
test_000908,class_018
test_000909,class_008
test_000910,class_061
test_000911,class_039
test_000912,class_076
test_000913,class_029
test_000914,class_016
test_000915,class_012
test_000916,class_087
test_000917,class_020
test_000918,class_054
test_000919,class_018
test_000920,class_098
test_000921,class_093
test_000922,class_041
test_000923,class_018
test_000924,class_008
test_000925,class_038
test_000926,class_070
test_000927,class_088
test_000928,class_093
test_000929,class_074
test_000930,class_065
test_000931,class_023
test_000932,class_093
test_000933,class_036
test_000934,class_099
test_000935,class_023
test_000936,class_073
test_000937,class_057
test_000938,class_023
test_000939,class_071
test_000940,class_022
test_000941,class_057
test_000942,class_059
test_000943,class_069
test_000944,class_061
test_000945,class_003
test_000946,class_043
test_000947,class_060
test_000948,class_015
test_000949,class_074
test_000950,class_021
test_000951,class_043
test_000952,class_005
test_000953,class_066
test_000954,class_080
test_000955,class_059
test_000956,class_056
test_000957,class_016
test_000958,class_001
test_000959,class_092
test_000960,class_106
test_000961,class_024
test_000962,class_028
test_000963,class_037
test_000964,class_055
test_000965,class_079
test_000966,class_031
test_000967,class_038
test_000968,class_068
test_000969,class_054
test_000970,class_105
test_000971,class_031
test_000972,class_000
test_000973,class_016
test_000974,class_012
test_000975,class_098
test_000976,class_000
test_000977,class_077
test_000978,class_062
test_000979,class_048
test_000980,class_095
test_000981,class_023
test_000982,class_045
test_000983,class_087
test_000984,class_059
test_000985,class_026
test_000986,class_039
test_000987,class_001
test_000988,class_064
test_000989,class_071
test_000990,class_102
test_000991,class_090
test_000992,class_021
test_000993,class_040
test_000994,class_095
test_000995,class_032
test_000996,class_103
test_000997,class_072
test_000998,class_077
test_000999,class_082
test_001000,class_092
test_001001,class_049
test_001002,class_077
test_001003,class_004
test_001004,class_037
test_001005,class_042
test_001006,class_095
test_001007,class_107
test_001008,class_019
test_001009,class_039
test_001010,class_080
test_001011,class_026
test_001012,class_008
test_001013,class_096
test_001014,class_086
test_001015,class_042
test_001016,class_068
test_001017,class_034
test_001018,class_072
test_001019,class_006
test_001020,class_087
test_001021,class_019
test_001022,class_089
test_001023,class_096
test_001024,class_047
test_001025,class_066
test_001026,class_014
test_001027,class_096
test_001028,class_017
test_001029,class_069
test_001030,class_054
test_001031,class_001
test_001032,class_051
test_001033,class_078
test_001034,class_003
test_001035,class_092
test_001036,class_072
test_001037,class_005
test_001038,class_064
test_001039,class_005
test_001040,class_040
test_001041,class_033
test_001042,class_066
test_001043,class_084
test_001044,class_081
test_001045,class_020
test_001046,class_049
test_001047,class_008
test_001048,class_096
test_001049,class_081
test_001050,class_047
test_001051,class_013
test_001052,class_046
test_001053,class_023
test_001054,class_107
test_001055,class_049
test_001056,class_013
test_001057,class_009
test_001058,class_101
test_001059,class_072
test_001060,class_053
test_001061,class_004
test_001062,class_056
test_001063,class_089
test_001064,class_089
test_001065,class_050
test_001066,class_086
test_001067,class_042
test_001068,class_023
test_001069,class_067
test_001070,class_004
test_001071,class_063
test_001072,class_005
test_001073,class_078
test_001074,class_079
test_001075,class_038
test_001076,class_042
test_001077,class_098
test_001078,class_008
test_001079,class_053
test_001080,class_069
test_001081,class_040
test_001082,class_062
test_001083,class_046
test_001084,class_048
test_001085,class_096
test_001086,class_040
test_001087,class_065
test_001088,class_005
test_001089,class_084
test_001090,class_071
test_001091,class_037
test_001092,class_031
test_001093,class_009
test_001094,class_019
test_001095,class_020
test_001096,class_006
test_001097,class_093
test_001098,class_009
test_001099,class_001
test_001100,class_091
test_001101,class_066
test_001102,class_088
test_001103,class_017
test_001104,class_004
test_001105,class_074
test_001106,class_087
test_001107,class_099
test_001108,class_078
test_001109,class_105
test_001110,class_000
test_001111,class_073
test_001112,class_008
test_001113,class_035
test_001114,class_019
test_001115,class_036
test_001116,class_028
test_001117,class_033
test_001118,class_014
test_001119,class_038
test_001120,class_064
test_001121,class_052
test_001122,class_035
test_001123,class_002
test_001124,class_019
test_001125,class_072
test_001126,class_091
test_001127,class_054
test_001128,class_011
test_001129,class_025
test_001130,class_059
test_001131,class_011
test_001132,class_096
test_001133,class_086
test_001134,class_107
test_001135,class_089
test_001136,class_053
test_001137,class_025
test_001138,class_014
test_001139,class_032
test_001140,class_078
test_001141,class_058
test_001142,class_092
test_001143,class_020
test_001144,class_079
test_001145,class_060
test_001146,class_095
test_001147,class_088
test_001148,class_084
test_001149,class_038
test_001150,class_093
test_001151,class_023
test_001152,class_038
test_001153,class_100
test_001154,class_082
test_001155,class_052
test_001156,class_016
test_001157,class_008
test_001158,class_020
test_001159,class_073
test_001160,class_085
test_001161,class_095
test_001162,class_072
test_001163,class_004
test_001164,class_067
test_001165,class_059
test_001166,class_104
test_001167,class_041
test_001168,class_097
test_001169,class_002
test_001170,class_076
test_001171,class_003
test_001172,class_044
test_001173,class_057
test_001174,class_016
test_001175,class_029
test_001176,class_106
test_001177,class_059
test_001178,class_107
test_001179,class_057
test_001180,class_054
test_001181,class_081
test_001182,class_026
test_001183,class_028
test_001184,class_090
test_001185,class_042
test_001186,class_024
test_001187,class_069
test_001188,class_058
test_001189,class_018
test_001190,class_096
test_001191,class_074
test_001192,class_105
test_001193,class_094
test_001194,class_085
test_001195,class_062
test_001196,class_008
test_001197,class_008
test_001198,class_074
test_001199,class_103
test_001200,class_036
test_001201,class_016
test_001202,class_086
test_001203,class_026
test_001204,class_010
test_001205,class_067
test_001206,class_099
test_001207,class_044
test_001208,class_088
test_001209,class_103
test_001210,class_087
test_001211,class_070
test_001212,class_100
test_001213,class_088
test_001214,class_040
test_001215,class_065
test_001216,class_045
test_001217,class_050
test_001218,class_039
test_001219,class_022
test_001220,class_033
test_001221,class_065
test_001222,class_082
test_001223,class_090
test_001224,class_015
test_001225,class_092
test_001226,class_076
test_001227,class_099
test_001228,class_005
test_001229,class_016
test_001230,class_023
test_001231,class_052
test_001232,class_064
test_001233,class_072
test_001234,class_029
test_001235,class_051
test_001236,class_046
test_001237,class_064
test_001238,class_105
test_001239,class_064
test_001240,class_045
test_001241,class_057
test_001242,class_039
test_001243,class_098
test_001244,class_066
test_001245,class_059
test_001246,class_009
test_001247,class_084
test_001248,class_005
test_001249,class_085
test_001250,class_002
test_001251,class_010
test_001252,class_043
test_001253,class_016
test_001254,class_015
test_001255,class_097
test_001256,class_042
test_001257,class_034
test_001258,class_055
test_001259,class_077
test_001260,class_033
test_001261,class_076
test_001262,class_055
test_001263,class_052
test_001264,class_051
test_001265,class_084
test_001266,class_035
test_001267,class_099
test_001268,class_107
test_001269,class_033
test_001270,class_020
test_001271,class_095
test_001272,class_101
test_001273,class_083
test_001274,class_022
test_001275,class_016
test_001276,class_023
test_001277,class_047
test_001278,class_073
test_001279,class_055
test_001280,class_082
test_001281,class_103
test_001282,class_101
test_001283,class_073
test_001284,class_055
test_001285,class_027
test_001286,class_013
test_001287,class_037
test_001288,class_004
test_001289,class_078
test_001290,class_044
test_001291,class_004
test_001292,class_076
test_001293,class_010
test_001294,class_007
test_001295,class_102
test_001296,class_054
test_001297,class_081
test_001298,class_033
test_001299,class_030
test_001300,class_071
test_001301,class_080
test_001302,class_029
test_001303,class_012
test_001304,class_009
test_001305,class_054
test_001306,class_029
test_001307,class_004
test_001308,class_084
test_001309,class_028
test_001310,class_034
test_001311,class_038
test_001312,class_023
test_001313,class_053
test_001314,class_106
test_001315,class_016
test_001316,class_075
test_001317,class_080
test_001318,class_040
test_001319,class_103
test_001320,class_090
test_001321,class_096
test_001322,class_071
test_001323,class_045
test_001324,class_080
test_001325,class_052
test_001326,class_001
test_001327,class_040
test_001328,class_010
test_001329,class_030
test_001330,class_080
test_001331,class_064
test_001332,class_009
test_001333,class_067
test_001334,class_100
test_001335,class_001
test_001336,class_046
test_001337,class_009
test_001338,class_039
test_001339,class_071
test_001340,class_043
test_001341,class_029
test_001342,class_060
test_001343,class_060
test_001344,class_104
test_001345,class_077
test_001346,class_018
test_001347,class_089
test_001348,class_076
test_001349,class_041
test_001350,class_010
test_001351,class_099
test_001352,class_053
test_001353,class_003
test_001354,class_009
test_001355,class_000
test_001356,class_090
test_001357,class_019
test_001358,class_048
test_001359,class_107
test_001360,class_011
test_001361,class_097
test_001362,class_093
test_001363,class_083
test_001364,class_081
test_001365,class_084
test_001366,class_005
test_001367,class_090
test_001368,class_091
test_001369,class_070
test_001370,class_011
test_001371,class_010
test_001372,class_059
test_001373,class_093
test_001374,class_090
test_001375,class_067
test_001376,class_070
test_001377,class_107
test_001378,class_017
test_001379,class_043
test_001380,class_103
test_001381,class_019
test_001382,class_065
test_001383,class_062
test_001384,class_047
test_001385,class_006
test_001386,class_014
test_001387,class_051
test_001388,class_091
test_001389,class_067
test_001390,class_073
test_001391,class_082
test_001392,class_021
test_001393,class_061
test_001394,class_106
test_001395,class_012
test_001396,class_067
test_001397,class_000
test_001398,class_018
test_001399,class_079
test_001400,class_019
test_001401,class_088
test_001402,class_077
test_001403,class_029
test_001404,class_039
test_001405,class_014
test_001406,class_100
test_001407,class_068
test_001408,class_001
test_001409,class_041
test_001410,class_097
test_001411,class_066
test_001412,class_033
test_001413,class_070
test_001414,class_098
test_001415,class_016
test_001416,class_075
test_001417,class_074
test_001418,class_107
test_001419,class_066
test_001420,class_095
test_001421,class_040
test_001422,class_029
test_001423,class_030
test_001424,class_009
test_001425,class_032
test_001426,class_107
test_001427,class_091
test_001428,class_096
test_001429,class_099
test_001430,class_058
test_001431,class_071
test_001432,class_053
test_001433,class_099
test_001434,class_032
test_001435,class_070
test_001436,class_005
test_001437,class_021
test_001438,class_015
test_001439,class_105
test_001440,class_065
test_001441,class_023
test_001442,class_018
test_001443,class_060
test_001444,class_022
test_001445,class_070
test_001446,class_029
test_001447,class_089
test_001448,class_107
test_001449,class_086
test_001450,class_011
test_001451,class_033
test_001452,class_077
test_001453,class_064
test_001454,class_057
test_001455,class_000
test_001456,class_079
test_001457,class_103
test_001458,class_088
test_001459,class_041
test_001460,class_004
test_001461,class_048
test_001462,class_005
test_001463,class_058
test_001464,class_050
test_001465,class_072
test_001466,class_083
test_001467,class_024
test_001468,class_089
test_001469,class_008
test_001470,class_102
test_001471,class_104
test_001472,class_055
test_001473,class_093
test_001474,class_094
test_001475,class_081
test_001476,class_064
test_001477,class_028
test_001478,class_020
test_001479,class_049
test_001480,class_086
test_001481,class_046
test_001482,class_073
test_001483,class_068
test_001484,class_073
test_001485,class_094
test_001486,class_030
test_001487,class_084
test_001488,class_070
test_001489,class_027
test_001490,class_098
test_001491,class_024
test_001492,class_078
test_001493,class_011
test_001494,class_018
test_001495,class_051
test_001496,class_003
test_001497,class_076
test_001498,class_080
test_001499,class_016
test_001500,class_082
test_001501,class_096
test_001502,class_003
test_001503,class_072
test_001504,class_063
test_001505,class_008
test_001506,class_026
test_001507,class_067
test_001508,class_060
test_001509,class_062
test_001510,class_088
test_001511,class_019
test_001512,class_052
test_001513,class_003
test_001514,class_076
test_001515,class_080
test_001516,class_086
test_001517,class_050
test_001518,class_040
test_001519,class_009
test_001520,class_014
test_001521,class_070
test_001522,class_022
test_001523,class_006
test_001524,class_051
test_001525,class_088
test_001526,class_024
test_001527,class_013
test_001528,class_047
test_001529,class_076
test_001530,class_088
test_001531,class_106
test_001532,class_070
test_001533,class_013
test_001534,class_021
test_001535,class_064
test_001536,class_057
test_001537,class_036
test_001538,class_005
test_001539,class_083
test_001540,class_012
test_001541,class_055
test_001542,class_007
test_001543,class_003
test_001544,class_083
test_001545,class_027
test_001546,class_100
test_001547,class_004
test_001548,class_097
test_001549,class_027
test_001550,class_078
test_001551,class_040
test_001552,class_040
test_001553,class_040
test_001554,class_069
test_001555,class_072
test_001556,class_029
test_001557,class_042
test_001558,class_071
test_001559,class_059
test_001560,class_090
test_001561,class_106
test_001562,class_014
test_001563,class_093
test_001564,class_099
test_001565,class_027
test_001566,class_013
test_001567,class_078
test_001568,class_011
test_001569,class_066
test_001570,class_014
test_001571,class_102
test_001572,class_004
test_001573,class_021
test_001574,class_072
test_001575,class_012
test_001576,class_070
test_001577,class_060
test_001578,class_059
test_001579,class_055
test_001580,class_067
test_001581,class_003
test_001582,class_105
test_001583,class_072
test_001584,class_040
test_001585,class_081
test_001586,class_036
test_001587,class_022
test_001588,class_063
test_001589,class_035
test_001590,class_067
test_001591,class_085
test_001592,class_012
test_001593,class_097
test_001594,class_089
test_001595,class_071
test_001596,class_076
test_001597,class_059
test_001598,class_007
test_001599,class_070
test_001600,class_087
test_001601,class_052
test_001602,class_031
test_001603,class_023
test_001604,class_069
test_001605,class_095
test_001606,class_065
test_001607,class_016
test_001608,class_075
test_001609,class_080
test_001610,class_046
test_001611,class_033
test_001612,class_043
test_001613,class_008
test_001614,class_047
test_001615,class_048
test_001616,class_051
test_001617,class_006
test_001618,class_080
test_001619,class_098
test_001620,class_099
test_001621,class_064
test_001622,class_085
test_001623,class_013
test_001624,class_049
test_001625,class_015
test_001626,class_046
test_001627,class_049
test_001628,class_018
test_001629,class_054
test_001630,class_054
test_001631,class_063
test_001632,class_087
test_001633,class_007
test_001634,class_104
test_001635,class_000
test_001636,class_053
test_001637,class_088
test_001638,class_098
test_001639,class_002
test_001640,class_057
test_001641,class_016
test_001642,class_002
test_001643,class_072
test_001644,class_091
test_001645,class_001
test_001646,class_003
test_001647,class_051
test_001648,class_080
test_001649,class_014
test_001650,class_051
test_001651,class_075
test_001652,class_078
test_001653,class_018
test_001654,class_034
test_001655,class_023
test_001656,class_090
test_001657,class_005
test_001658,class_094
test_001659,class_046
test_001660,class_009
test_001661,class_014
test_001662,class_066
test_001663,class_014
test_001664,class_003
test_001665,class_013
test_001666,class_052
test_001667,class_065
test_001668,class_095
test_001669,class_032
test_001670,class_053
test_001671,class_053
test_001672,class_091
test_001673,class_099
test_001674,class_079
test_001675,class_085
test_001676,class_107
test_001677,class_097
test_001678,class_030
test_001679,class_105
test_001680,class_036
test_001681,class_077
test_001682,class_099
test_001683,class_073
test_001684,class_045
test_001685,class_023
test_001686,class_038
test_001687,class_082
test_001688,class_040
test_001689,class_022
test_001690,class_000
test_001691,class_016
test_001692,class_021
test_001693,class_104
test_001694,class_056
test_001695,class_018
test_001696,class_098
test_001697,class_004
test_001698,class_010
test_001699,class_084
test_001700,class_074
test_001701,class_051
test_001702,class_081
test_001703,class_004
test_001704,class_008
test_001705,class_090
test_001706,class_099
test_001707,class_092
test_001708,class_051
test_001709,class_057
test_001710,class_031
test_001711,class_088
test_001712,class_015
test_001713,class_105
test_001714,class_033
test_001715,class_092
test_001716,class_063
test_001717,class_039
test_001718,class_033
test_001719,class_049
test_001720,class_105
test_001721,class_104
test_001722,class_050
test_001723,class_001
test_001724,class_012
test_001725,class_030
test_001726,class_049
test_001727,class_077
test_001728,class_037
test_001729,class_043
test_001730,class_096
test_001731,class_044
test_001732,class_102
test_001733,class_103
test_001734,class_099
test_001735,class_081
test_001736,class_033
test_001737,class_093
test_001738,class_097
test_001739,class_038
test_001740,class_091
test_001741,class_015
test_001742,class_067
test_001743,class_059
test_001744,class_081
test_001745,class_053
test_001746,class_083
test_001747,class_080
test_001748,class_064
test_001749,class_084
test_001750,class_105
test_001751,class_089
test_001752,class_011
test_001753,class_062
test_001754,class_048
test_001755,class_000
test_001756,class_013
test_001757,class_042
test_001758,class_034
test_001759,class_100
test_001760,class_096
test_001761,class_022
test_001762,class_093
test_001763,class_007
test_001764,class_084
test_001765,class_005
test_001766,class_102
test_001767,class_074
test_001768,class_069
test_001769,class_039
test_001770,class_082
test_001771,class_106
test_001772,class_037
test_001773,class_086
test_001774,class_088
test_001775,class_096
test_001776,class_102
test_001777,class_103
test_001778,class_043
test_001779,class_079
test_001780,class_058
test_001781,class_071
test_001782,class_100
test_001783,class_038
test_001784,class_025
test_001785,class_062
test_001786,class_095
test_001787,class_032
test_001788,class_009
test_001789,class_022
test_001790,class_070
test_001791,class_040
test_001792,class_041
test_001793,class_041
test_001794,class_003
test_001795,class_060
test_001796,class_042
test_001797,class_021
test_001798,class_027
test_001799,class_015
test_001800,class_090
test_001801,class_035
test_001802,class_006
test_001803,class_090
test_001804,class_097
test_001805,class_093
test_001806,class_100
test_001807,class_032
test_001808,class_005
test_001809,class_057
test_001810,class_022
test_001811,class_007
test_001812,class_069
test_001813,class_032
test_001814,class_040
test_001815,class_102
test_001816,class_033
test_001817,class_064
test_001818,class_024
test_001819,class_065
test_001820,class_102
test_001821,class_029
test_001822,class_063
test_001823,class_003
test_001824,class_081
test_001825,class_044
test_001826,class_096
test_001827,class_083
test_001828,class_003
test_001829,class_072
test_001830,class_001
test_001831,class_014
test_001832,class_011
test_001833,class_002
test_001834,class_060
test_001835,class_046
test_001836,class_056
test_001837,class_018
test_001838,class_052
test_001839,class_019
test_001840,class_018
test_001841,class_001
test_001842,class_057
test_001843,class_055
test_001844,class_072
test_001845,class_078
test_001846,class_080
test_001847,class_071
test_001848,class_041
test_001849,class_074
test_001850,class_076
test_001851,class_038
test_001852,class_106
test_001853,class_071
test_001854,class_107
test_001855,class_025
test_001856,class_089
test_001857,class_018
test_001858,class_102
test_001859,class_028
test_001860,class_064
test_001861,class_059
test_001862,class_085
test_001863,class_001
test_001864,class_046
test_001865,class_036
test_001866,class_106
test_001867,class_096
test_001868,class_087
test_001869,class_092
test_001870,class_055
test_001871,class_075
test_001872,class_034
test_001873,class_062
test_001874,class_100
test_001875,class_019
test_001876,class_096
test_001877,class_050
test_001878,class_014
test_001879,class_096
test_001880,class_024
test_001881,class_066
test_001882,class_104
test_001883,class_010
test_001884,class_044
test_001885,class_026
test_001886,class_030
test_001887,class_085
test_001888,class_077
test_001889,class_036
test_001890,class_102
test_001891,class_076
test_001892,class_065
test_001893,class_090
test_001894,class_071
test_001895,class_098
test_001896,class_049
test_001897,class_063
test_001898,class_038
test_001899,class_073
test_001900,class_061
test_001901,class_019
test_001902,class_036
test_001903,class_066
test_001904,class_066
test_001905,class_053
test_001906,class_004
test_001907,class_067
test_001908,class_050
test_001909,class_077
test_001910,class_037
test_001911,class_018
test_001912,class_038
test_001913,class_027
test_001914,class_002
test_001915,class_060
test_001916,class_044
test_001917,class_059
test_001918,class_023
test_001919,class_088
test_001920,class_054
test_001921,class_008
test_001922,class_022
test_001923,class_094
test_001924,class_084
test_001925,class_017
test_001926,class_012
test_001927,class_060
test_001928,class_092
test_001929,class_062
test_001930,class_025
test_001931,class_096
test_001932,class_058
test_001933,class_056
test_001934,class_031
test_001935,class_077
test_001936,class_004
test_001937,class_061
test_001938,class_046
test_001939,class_063
test_001940,class_087
test_001941,class_087
test_001942,class_103
test_001943,class_032
test_001944,class_046
test_001945,class_011
test_001946,class_045
test_001947,class_068
test_001948,class_055
test_001949,class_067
test_001950,class_032
test_001951,class_048
test_001952,class_009
test_001953,class_093
test_001954,class_039
test_001955,class_074
test_001956,class_079
test_001957,class_021
test_001958,class_068
test_001959,class_053
test_001960,class_030
test_001961,class_084
test_001962,class_006
test_001963,class_008
test_001964,class_068
test_001965,class_092
test_001966,class_026
test_001967,class_081
test_001968,class_078
test_001969,class_030
test_001970,class_022
test_001971,class_057
test_001972,class_082
test_001973,class_017
test_001974,class_018
test_001975,class_079
test_001976,class_073
test_001977,class_051
test_001978,class_005
test_001979,class_070
test_001980,class_035
test_001981,class_076
test_001982,class_023
test_001983,class_030
test_001984,class_046
test_001985,class_034
test_001986,class_053
test_001987,class_102
test_001988,class_049
test_001989,class_065
test_001990,class_079
test_001991,class_071
test_001992,class_043
test_001993,class_066
test_001994,class_105
test_001995,class_049
test_001996,class_058
test_001997,class_016
test_001998,class_032
test_001999,class_085
test_002000,class_105
test_002001,class_021
test_002002,class_021
test_002003,class_072
test_002004,class_012
test_002005,class_026
test_002006,class_012
test_002007,class_066
test_002008,class_039
test_002009,class_082
test_002010,class_020
test_002011,class_065
test_002012,class_092
test_002013,class_093
test_002014,class_072
test_002015,class_044
test_002016,class_070
test_002017,class_058
test_002018,class_011
test_002019,class_096
test_002020,class_099
test_002021,class_028
test_002022,class_092
test_002023,class_052
test_002024,class_048
test_002025,class_084
test_002026,class_019
test_002027,class_071
test_002028,class_034
test_002029,class_016
test_002030,class_002
test_002031,class_094
test_002032,class_070
test_002033,class_082
test_002034,class_049
test_002035,class_084
test_002036,class_068
test_002037,class_060
test_002038,class_069
test_002039,class_008
test_002040,class_041
test_002041,class_093
test_002042,class_076
test_002043,class_001
test_002044,class_097
test_002045,class_026
test_002046,class_059
test_002047,class_036
test_002048,class_065
test_002049,class_081
test_002050,class_102
test_002051,class_029
test_002052,class_050
test_002053,class_028
test_002054,class_048
test_002055,class_027
test_002056,class_015
test_002057,class_061
test_002058,class_022
test_002059,class_056
test_002060,class_053
test_002061,class_072
test_002062,class_049
test_002063,class_038
test_002064,class_001
test_002065,class_046
test_002066,class_103
test_002067,class_085
test_002068,class_003
test_002069,class_036
test_002070,class_064
test_002071,class_019
test_002072,class_077
test_002073,class_061
test_002074,class_027
test_002075,class_073
test_002076,class_055
test_002077,class_069
test_002078,class_032
test_002079,class_063
test_002080,class_024
test_002081,class_067
test_002082,class_081
test_002083,class_085
test_002084,class_075
test_002085,class_099
test_002086,class_018
test_002087,class_038
test_002088,class_025
test_002089,class_064
test_002090,class_038
test_002091,class_085
test_002092,class_023
test_002093,class_093
test_002094,class_089
test_002095,class_055
test_002096,class_088
test_002097,class_023
test_002098,class_026
test_002099,class_104
test_002100,class_083
test_002101,class_022
test_002102,class_087
test_002103,class_032
test_002104,class_054
test_002105,class_081
test_002106,class_041
test_002107,class_046
test_002108,class_001
test_002109,class_057
test_002110,class_044
test_002111,class_073
test_002112,class_036
test_002113,class_073
test_002114,class_017
test_002115,class_098
test_002116,class_107
test_002117,class_004
test_002118,class_049
test_002119,class_051
test_002120,class_064
test_002121,class_107
test_002122,class_024
test_002123,class_063
test_002124,class_080
test_002125,class_018
test_002126,class_064
test_002127,class_012
test_002128,class_097
test_002129,class_056
test_002130,class_075
test_002131,class_026
test_002132,class_080
test_002133,class_057
test_002134,class_005
test_002135,class_076
test_002136,class_079
test_002137,class_049
test_002138,class_009
test_002139,class_100
test_002140,class_004
test_002141,class_069
test_002142,class_098
test_002143,class_070
test_002144,class_014
test_002145,class_074
test_002146,class_091
test_002147,class_104
test_002148,class_067
test_002149,class_063
test_002150,class_104
test_002151,class_017
test_002152,class_011
test_002153,class_079
test_002154,class_084
test_002155,class_017
test_002156,class_043
test_002157,class_051
test_002158,class_056
test_002159,class_016
test_002160,class_097
test_002161,class_012
test_002162,class_047
test_002163,class_086
test_002164,class_037
test_002165,class_090
test_002166,class_100
test_002167,class_006
test_002168,class_047
test_002169,class_065
test_002170,class_105
test_002171,class_046
test_002172,class_061
test_002173,class_049
test_002174,class_099
test_002175,class_064
test_002176,class_005
test_002177,class_102
test_002178,class_043
test_002179,class_056
test_002180,class_051
test_002181,class_029
test_002182,class_064
test_002183,class_080
test_002184,class_007
test_002185,class_026
test_002186,class_056
test_002187,class_052
test_002188,class_072
test_002189,class_084
test_002190,class_040
test_002191,class_048
test_002192,class_015
test_002193,class_081
test_002194,class_060
test_002195,class_006
test_002196,class_006
test_002197,class_058
test_002198,class_097
test_002199,class_033
test_002200,class_046
test_002201,class_067
test_002202,class_078
test_002203,class_044
test_002204,class_066
test_002205,class_081
test_002206,class_001
test_002207,class_077
test_002208,class_052
test_002209,class_101
test_002210,class_090
test_002211,class_046
test_002212,class_099
test_002213,class_075
test_002214,class_089
test_002215,class_080
test_002216,class_022
test_002217,class_059
test_002218,class_099
test_002219,class_085
test_002220,class_011
test_002221,class_004
test_002222,class_099
test_002223,class_090
test_002224,class_061
test_002225,class_025
test_002226,class_086
test_002227,class_076
test_002228,class_016
test_002229,class_001
test_002230,class_082
test_002231,class_079
test_002232,class_044
test_002233,class_065
test_002234,class_105
test_002235,class_080
test_002236,class_041
test_002237,class_001
test_002238,class_057
test_002239,class_085
test_002240,class_030
test_002241,class_078
test_002242,class_074
test_002243,class_106
test_002244,class_074
test_002245,class_089
test_002246,class_003
test_002247,class_056
test_002248,class_053
test_002249,class_064
test_002250,class_052
test_002251,class_084
test_002252,class_070
test_002253,class_013
test_002254,class_079
test_002255,class_006
test_002256,class_006
test_002257,class_011
test_002258,class_042
test_002259,class_073
test_002260,class_041
test_002261,class_104
test_002262,class_085
test_002263,class_087
test_002264,class_070
test_002265,class_049
test_002266,class_054
test_002267,class_018
test_002268,class_084
test_002269,class_078
test_002270,class_100
test_002271,class_103
test_002272,class_084
test_002273,class_102
test_002274,class_002
test_002275,class_080
test_002276,class_070
test_002277,class_084
test_002278,class_052
test_002279,class_093
test_002280,class_106
test_002281,class_015
test_002282,class_044
test_002283,class_038
test_002284,class_080
test_002285,class_035
test_002286,class_086
test_002287,class_095
test_002288,class_011
test_002289,class_049
test_002290,class_004
test_002291,class_016
test_002292,class_052
test_002293,class_020
test_002294,class_075
test_002295,class_088
test_002296,class_088
test_002297,class_047
test_002298,class_088
test_002299,class_035
test_002300,class_045
test_002301,class_079
test_002302,class_058
test_002303,class_027
test_002304,class_044
test_002305,class_062
test_002306,class_025
test_002307,class_003
test_002308,class_044
test_002309,class_103
test_002310,class_105
test_002311,class_044
test_002312,class_073
test_002313,class_012
test_002314,class_001
test_002315,class_002
test_002316,class_052
test_002317,class_099
test_002318,class_107
test_002319,class_046
test_002320,class_106
test_002321,class_089
test_002322,class_068
test_002323,class_025
test_002324,class_098
test_002325,class_014
test_002326,class_062
test_002327,class_016
test_002328,class_082
test_002329,class_020
test_002330,class_008
test_002331,class_098
test_002332,class_072
test_002333,class_054
test_002334,class_066
test_002335,class_021
test_002336,class_098
test_002337,class_054
test_002338,class_078
test_002339,class_078
test_002340,class_104
test_002341,class_092
test_002342,class_101
test_002343,class_067
test_002344,class_100
test_002345,class_085
test_002346,class_057
test_002347,class_042
test_002348,class_073
test_002349,class_098
test_002350,class_075
test_002351,class_106
test_002352,class_086
test_002353,class_103
test_002354,class_106
test_002355,class_052
test_002356,class_057
test_002357,class_011
test_002358,class_033
test_002359,class_023
test_002360,class_033
test_002361,class_100
test_002362,class_020
test_002363,class_015
test_002364,class_001
test_002365,class_039
test_002366,class_021
test_002367,class_074
test_002368,class_073
test_002369,class_035
test_002370,class_047
test_002371,class_017
test_002372,class_096
test_002373,class_011
test_002374,class_012
test_002375,class_039
test_002376,class_075
test_002377,class_035
test_002378,class_061
test_002379,class_088
test_002380,class_040
test_002381,class_015
test_002382,class_091
test_002383,class_032
test_002384,class_051
test_002385,class_053
test_002386,class_097
test_002387,class_014
test_002388,class_027
test_002389,class_107
test_002390,class_070
test_002391,class_041
test_002392,class_040
test_002393,class_061
test_002394,class_030
test_002395,class_017
test_002396,class_050
test_002397,class_017
test_002398,class_098
test_002399,class_004
test_002400,class_011
test_002401,class_013
test_002402,class_088
test_002403,class_105
test_002404,class_064
test_002405,class_056
test_002406,class_041
test_002407,class_076
test_002408,class_103
test_002409,class_094
test_002410,class_026
test_002411,class_051
test_002412,class_071
test_002413,class_049
test_002414,class_006
test_002415,class_087
test_002416,class_044
test_002417,class_096
test_002418,class_041
test_002419,class_075
test_002420,class_018
test_002421,class_047
test_002422,class_021
test_002423,class_063
test_002424,class_096
test_002425,class_099
test_002426,class_020
test_002427,class_044
test_002428,class_056
test_002429,class_048
test_002430,class_032
test_002431,class_094
test_002432,class_048
test_002433,class_008
test_002434,class_022
test_002435,class_015
test_002436,class_051
test_002437,class_081
test_002438,class_067
test_002439,class_006
test_002440,class_004
test_002441,class_106
test_002442,class_008
test_002443,class_045
test_002444,class_049
test_002445,class_001
test_002446,class_028
test_002447,class_001
test_002448,class_052
test_002449,class_021
test_002450,class_098
test_002451,class_041
test_002452,class_060
test_002453,class_097
test_002454,class_037
test_002455,class_025
test_002456,class_089
test_002457,class_047
test_002458,class_068
test_002459,class_040
test_002460,class_051
test_002461,class_028
test_002462,class_070
test_002463,class_079
test_002464,class_093
test_002465,class_046
test_002466,class_037
test_002467,class_076
test_002468,class_017
test_002469,class_006
test_002470,class_039
test_002471,class_089
test_002472,class_077
test_002473,class_094
test_002474,class_047
test_002475,class_053
test_002476,class_096
test_002477,class_048
test_002478,class_059
test_002479,class_086
test_002480,class_055
test_002481,class_079
test_002482,class_078
test_002483,class_073
test_002484,class_011
test_002485,class_004
test_002486,class_106
test_002487,class_074
test_002488,class_029
test_002489,class_067
test_002490,class_039
test_002491,class_104
test_002492,class_076
test_002493,class_049
test_002494,class_045
test_002495,class_069
test_002496,class_017
test_002497,class_053
test_002498,class_085
test_002499,class_012
test_002500,class_046
test_002501,class_087
test_002502,class_095
test_002503,class_004
test_002504,class_093
test_002505,class_013
test_002506,class_022
test_002507,class_004
test_002508,class_082
test_002509,class_037
test_002510,class_018
test_002511,class_091
test_002512,class_040
test_002513,class_036
test_002514,class_045
test_002515,class_100
test_002516,class_051
test_002517,class_085
test_002518,class_005
test_002519,class_090
test_002520,class_037
test_002521,class_022
test_002522,class_069
test_002523,class_049
test_002524,class_055
test_002525,class_106
test_002526,class_002
test_002527,class_098
test_002528,class_060
test_002529,class_065
test_002530,class_063
test_002531,class_054
test_002532,class_069
test_002533,class_068
test_002534,class_024
test_002535,class_015
test_002536,class_039
test_002537,class_099
test_002538,class_008
test_002539,class_008
test_002540,class_021
test_002541,class_013
test_002542,class_078
test_002543,class_094
test_002544,class_077
test_002545,class_100
test_002546,class_024
test_002547,class_092
test_002548,class_029
test_002549,class_036
test_002550,class_022
test_002551,class_041
test_002552,class_023
test_002553,class_014
test_002554,class_067
test_002555,class_097
test_002556,class_074
test_002557,class_060
test_002558,class_089
test_002559,class_030
test_002560,class_087
test_002561,class_042
test_002562,class_077
test_002563,class_091
test_002564,class_050
test_002565,class_002
test_002566,class_031
test_002567,class_038
test_002568,class_090
test_002569,class_007
test_002570,class_026
test_002571,class_098
test_002572,class_016
test_002573,class_059
test_002574,class_053
test_002575,class_015
test_002576,class_069
test_002577,class_065
test_002578,class_066
test_002579,class_085
test_002580,class_054
test_002581,class_071
test_002582,class_071
test_002583,class_017
test_002584,class_072
test_002585,class_081
test_002586,class_083
test_002587,class_106
test_002588,class_043
test_002589,class_089
test_002590,class_053
test_002591,class_079
test_002592,class_034
test_002593,class_034
test_002594,class_018
test_002595,class_029
test_002596,class_016
test_002597,class_009
test_002598,class_022
test_002599,class_100
test_002600,class_044
test_002601,class_053
test_002602,class_036
test_002603,class_008
test_002604,class_004
test_002605,class_010
test_002606,class_027
test_002607,class_016
test_002608,class_066
test_002609,class_015
test_002610,class_054
test_002611,class_105
test_002612,class_052
test_002613,class_105
test_002614,class_071
test_002615,class_015
test_002616,class_000
test_002617,class_103
test_002618,class_104
test_002619,class_079
test_002620,class_048
test_002621,class_088
test_002622,class_082
test_002623,class_043
test_002624,class_059
test_002625,class_004
test_002626,class_034
test_002627,class_075
test_002628,class_054
test_002629,class_046
test_002630,class_027
test_002631,class_056
test_002632,class_044
test_002633,class_099
test_002634,class_046
test_002635,class_087
test_002636,class_051
test_002637,class_097
test_002638,class_089
test_002639,class_090
test_002640,class_050
test_002641,class_099
test_002642,class_026
test_002643,class_101
test_002644,class_036
test_002645,class_099
test_002646,class_020
test_002647,class_051
test_002648,class_025
test_002649,class_092
test_002650,class_041
test_002651,class_049
test_002652,class_007
test_002653,class_014
test_002654,class_037
test_002655,class_023
test_002656,class_031
test_002657,class_054
test_002658,class_050
test_002659,class_016
test_002660,class_106
test_002661,class_079
test_002662,class_054
test_002663,class_004
test_002664,class_015
test_002665,class_082
test_002666,class_076
test_002667,class_031
test_002668,class_105
test_002669,class_009
test_002670,class_009
test_002671,class_067
test_002672,class_033
test_002673,class_017
test_002674,class_074
test_002675,class_052
test_002676,class_044
test_002677,class_022
test_002678,class_053
test_002679,class_094
test_002680,class_023
test_002681,class_074
test_002682,class_063
test_002683,class_106
test_002684,class_004
test_002685,class_078
test_002686,class_048
test_002687,class_102
test_002688,class_001
test_002689,class_089
test_002690,class_025
test_002691,class_058
test_002692,class_102
test_002693,class_047
test_002694,class_084
test_002695,class_091
test_002696,class_022
test_002697,class_106
test_002698,class_037
test_002699,class_079
test_002700,class_097
test_002701,class_086
test_002702,class_104
test_002703,class_069
test_002704,class_014
test_002705,class_046
test_002706,class_013
test_002707,class_046
test_002708,class_079
test_002709,class_024
test_002710,class_069
test_002711,class_025
test_002712,class_028
test_002713,class_065
test_002714,class_068
test_002715,class_047
test_002716,class_068
test_002717,class_063
test_002718,class_018
test_002719,class_012
test_002720,class_001
test_002721,class_041
test_002722,class_104
test_002723,class_055
test_002724,class_074
test_002725,class_067
test_002726,class_080
test_002727,class_104
test_002728,class_007
test_002729,class_002
test_002730,class_095
test_002731,class_002
test_002732,class_042
test_002733,class_087
test_002734,class_049
test_002735,class_080
test_002736,class_011
test_002737,class_027
test_002738,class_030
test_002739,class_021
test_002740,class_093
test_002741,class_070
test_002742,class_032
test_002743,class_062
test_002744,class_072
test_002745,class_061
test_002746,class_053
test_002747,class_077
test_002748,class_092
test_002749,class_082
test_002750,class_035
test_002751,class_022
test_002752,class_086
test_002753,class_001
test_002754,class_070
test_002755,class_060
test_002756,class_078
test_002757,class_074
test_002758,class_028
test_002759,class_102
test_002760,class_027
test_002761,class_016
test_002762,class_020
test_002763,class_088
test_002764,class_063
test_002765,class_039
test_002766,class_018
test_002767,class_037
test_002768,class_083
test_002769,class_107
test_002770,class_097
test_002771,class_044
test_002772,class_084
test_002773,class_044
test_002774,class_101
test_002775,class_081
test_002776,class_025
test_002777,class_102
test_002778,class_022
test_002779,class_006
test_002780,class_069
test_002781,class_066
test_002782,class_073
test_002783,class_031
test_002784,class_022
test_002785,class_026
test_002786,class_006
test_002787,class_024
test_002788,class_062
test_002789,class_082
test_002790,class_010
test_002791,class_068
test_002792,class_012
test_002793,class_060
test_002794,class_019
test_002795,class_074
test_002796,class_039
test_002797,class_101
test_002798,class_036
test_002799,class_064
test_002800,class_041
test_002801,class_083
test_002802,class_065
test_002803,class_027
test_002804,class_090
test_002805,class_046
test_002806,class_029
test_002807,class_070
test_002808,class_072
test_002809,class_062
test_002810,class_079
test_002811,class_088
test_002812,class_035
test_002813,class_064
test_002814,class_066
test_002815,class_039
test_002816,class_105
test_002817,class_029
test_002818,class_023
test_002819,class_001
test_002820,class_041
test_002821,class_015
test_002822,class_103
test_002823,class_100
test_002824,class_021
test_002825,class_050
test_002826,class_046
test_002827,class_081
test_002828,class_014
test_002829,class_099
test_002830,class_106
test_002831,class_061
test_002832,class_087
test_002833,class_028
test_002834,class_037
test_002835,class_097
test_002836,class_064
test_002837,class_099
test_002838,class_049
test_002839,class_036
test_002840,class_099
test_002841,class_005
test_002842,class_064
test_002843,class_003
test_002844,class_006
test_002845,class_093
test_002846,class_031
test_002847,class_086
test_002848,class_075
test_002849,class_027
test_002850,class_011
test_002851,class_088
test_002852,class_011
test_002853,class_010
test_002854,class_086
test_002855,class_041
test_002856,class_019
test_002857,class_071
test_002858,class_084
test_002859,class_098
test_002860,class_071
test_002861,class_008
test_002862,class_057
test_002863,class_064
test_002864,class_004
test_002865,class_040
test_002866,class_018
test_002867,class_082
test_002868,class_080
test_002869,class_016
test_002870,class_083
test_002871,class_102
test_002872,class_042
test_002873,class_079
test_002874,class_082
test_002875,class_084
test_002876,class_042
test_002877,class_070
test_002878,class_058
test_002879,class_052
test_002880,class_035
test_002881,class_043
test_002882,class_056
test_002883,class_054
test_002884,class_038
test_002885,class_013
test_002886,class_086
test_002887,class_010
test_002888,class_000
test_002889,class_031
test_002890,class_088
test_002891,class_056
test_002892,class_008
test_002893,class_042
test_002894,class_099
test_002895,class_089
test_002896,class_048
test_002897,class_069
test_002898,class_005
test_002899,class_042
test_002900,class_068
test_002901,class_025
test_002902,class_088
test_002903,class_021
test_002904,class_040
test_002905,class_081
test_002906,class_057
test_002907,class_089
test_002908,class_043
test_002909,class_028
test_002910,class_002
test_002911,class_066
test_002912,class_040
test_002913,class_051
test_002914,class_055
test_002915,class_092
test_002916,class_007
test_002917,class_019
test_002918,class_072
test_002919,class_017
test_002920,class_016
test_002921,class_068
test_002922,class_072
test_002923,class_010
test_002924,class_018
test_002925,class_087
test_002926,class_000
test_002927,class_019
test_002928,class_020
test_002929,class_072
test_002930,class_101
test_002931,class_053
test_002932,class_014
test_002933,class_006
test_002934,class_000
test_002935,class_005
test_002936,class_068
test_002937,class_092
test_002938,class_089
test_002939,class_069
test_002940,class_043
test_002941,class_065
test_002942,class_043
test_002943,class_095
test_002944,class_058
test_002945,class_028
test_002946,class_024
test_002947,class_043
test_002948,class_084
test_002949,class_105
test_002950,class_028
test_002951,class_001
test_002952,class_046
test_002953,class_067
test_002954,class_101
test_002955,class_094
test_002956,class_091
test_002957,class_017
test_002958,class_078
test_002959,class_034
test_002960,class_023
test_002961,class_032
test_002962,class_045
test_002963,class_070
test_002964,class_033
test_002965,class_052
test_002966,class_102
test_002967,class_043
test_002968,class_023
test_002969,class_022
test_002970,class_062
test_002971,class_020
test_002972,class_042
test_002973,class_010
test_002974,class_037
test_002975,class_025
test_002976,class_052
test_002977,class_082
test_002978,class_087
test_002979,class_090
test_002980,class_090
test_002981,class_097
test_002982,class_099
test_002983,class_095
test_002984,class_060
test_002985,class_057
test_002986,class_070
test_002987,class_089
test_002988,class_011
test_002989,class_037
test_002990,class_078
test_002991,class_086
test_002992,class_098
test_002993,class_100
test_002994,class_098
test_002995,class_056
test_002996,class_016
test_002997,class_078
test_002998,class_069
test_002999,class_051
test_003000,class_014
test_003001,class_079
test_003002,class_029
test_003003,class_098
test_003004,class_034
test_003005,class_079
test_003006,class_042
test_003007,class_058
test_003008,class_060
test_003009,class_092
test_003010,class_106
test_003011,class_034
test_003012,class_106
test_003013,class_007
test_003014,class_014
test_003015,class_093
test_003016,class_104
test_003017,class_012
test_003018,class_031
test_003019,class_075
test_003020,class_048
test_003021,class_106
test_003022,class_037
test_003023,class_107
test_003024,class_009
test_003025,class_103
test_003026,class_028
test_003027,class_101
test_003028,class_095
test_003029,class_000
test_003030,class_047
test_003031,class_097
test_003032,class_063
test_003033,class_053
test_003034,class_103
test_003035,class_083
test_003036,class_037
test_003037,class_088
test_003038,class_092
test_003039,class_100
test_003040,class_081
test_003041,class_008
test_003042,class_028
test_003043,class_004
test_003044,class_096
test_003045,class_033
test_003046,class_065
test_003047,class_072
test_003048,class_061
test_003049,class_006
test_003050,class_046
test_003051,class_078
test_003052,class_056
test_003053,class_059
test_003054,class_016
test_003055,class_037
test_003056,class_036
test_003057,class_093
test_003058,class_060
test_003059,class_048
test_003060,class_003
test_003061,class_088
test_003062,class_049
test_003063,class_084
test_003064,class_045
test_003065,class_067
test_003066,class_015
test_003067,class_028
test_003068,class_026
test_003069,class_062
test_003070,class_035
test_003071,class_010
test_003072,class_082
test_003073,class_004
test_003074,class_093
test_003075,class_045
test_003076,class_004
test_003077,class_061
test_003078,class_058
test_003079,class_085
test_003080,class_098
test_003081,class_030
test_003082,class_005
test_003083,class_018
test_003084,class_099
test_003085,class_021
test_003086,class_012
test_003087,class_006
test_003088,class_057
test_003089,class_039
test_003090,class_095
test_003091,class_089
test_003092,class_052
test_003093,class_059
test_003094,class_025
test_003095,class_068
test_003096,class_098
test_003097,class_038
test_003098,class_088
test_003099,class_058
test_003100,class_023
test_003101,class_058
test_003102,class_059
test_003103,class_057
test_003104,class_103
test_003105,class_020
test_003106,class_103
test_003107,class_052
test_003108,class_098
test_003109,class_077
test_003110,class_071
test_003111,class_042
test_003112,class_074
test_003113,class_012
test_003114,class_050
test_003115,class_087
test_003116,class_017
test_003117,class_043
test_003118,class_096
test_003119,class_006
test_003120,class_094
test_003121,class_034
test_003122,class_019
test_003123,class_096
test_003124,class_057
test_003125,class_092
test_003126,class_016
test_003127,class_002
test_003128,class_064
test_003129,class_065
test_003130,class_003
test_003131,class_029
test_003132,class_025
test_003133,class_085
test_003134,class_088
test_003135,class_039
test_003136,class_061
test_003137,class_036
test_003138,class_103
test_003139,class_080
test_003140,class_072
test_003141,class_084
test_003142,class_039
test_003143,class_068
test_003144,class_085
test_003145,class_075
test_003146,class_016
test_003147,class_049
test_003148,class_043
test_003149,class_083
test_003150,class_054
test_003151,class_057
test_003152,class_004
test_003153,class_104
test_003154,class_008
test_003155,class_074
test_003156,class_058
test_003157,class_027
test_003158,class_103
test_003159,class_006
test_003160,class_022
test_003161,class_059
test_003162,class_098
test_003163,class_021
test_003164,class_100
test_003165,class_003
test_003166,class_017
test_003167,class_098
test_003168,class_074
test_003169,class_091
test_003170,class_007
test_003171,class_090
test_003172,class_097
test_003173,class_078
test_003174,class_023
test_003175,class_088
test_003176,class_030
test_003177,class_010
test_003178,class_047
test_003179,class_031
test_003180,class_047
test_003181,class_035
test_003182,class_087
test_003183,class_054
test_003184,class_050
test_003185,class_049
test_003186,class_051
test_003187,class_055
test_003188,class_107
test_003189,class_080
test_003190,class_093
test_003191,class_099
test_003192,class_022
test_003193,class_105
test_003194,class_024
test_003195,class_072
test_003196,class_076
test_003197,class_029
test_003198,class_073
test_003199,class_100
test_003200,class_011
test_003201,class_022
test_003202,class_074
test_003203,class_063
test_003204,class_004
test_003205,class_067
test_003206,class_104
test_003207,class_091
test_003208,class_038
test_003209,class_087
test_003210,class_039
test_003211,class_069
test_003212,class_037
test_003213,class_012
test_003214,class_021
test_003215,class_055
test_003216,class_093
test_003217,class_101
test_003218,class_065
test_003219,class_074
test_003220,class_097
test_003221,class_037
test_003222,class_003
test_003223,class_100
test_003224,class_042
test_003225,class_036
test_003226,class_017
test_003227,class_004
test_003228,class_084
test_003229,class_075
test_003230,class_075
test_003231,class_065
test_003232,class_008
test_003233,class_066
test_003234,class_073
test_003235,class_084
test_003236,class_064
test_003237,class_007
test_003238,class_017
test_003239,class_082
test_003240,class_011
test_003241,class_063
test_003242,class_077
test_003243,class_035
test_003244,class_039
test_003245,class_052
test_003246,class_055
test_003247,class_031
test_003248,class_091
test_003249,class_010
test_003250,class_078
test_003251,class_017
test_003252,class_065
test_003253,class_085
test_003254,class_079
test_003255,class_105
test_003256,class_056
test_003257,class_097
test_003258,class_099
test_003259,class_063
test_003260,class_005
test_003261,class_093
test_003262,class_098
test_003263,class_048
test_003264,class_058
test_003265,class_100
test_003266,class_036
test_003267,class_104
test_003268,class_021
test_003269,class_008
test_003270,class_103
test_003271,class_096
test_003272,class_086
test_003273,class_096
test_003274,class_025
test_003275,class_059
test_003276,class_093
test_003277,class_063
test_003278,class_102
test_003279,class_065
test_003280,class_023
test_003281,class_003
test_003282,class_071
test_003283,class_103
test_003284,class_082
test_003285,class_087
test_003286,class_083
test_003287,class_092
test_003288,class_062
test_003289,class_071
test_003290,class_025
test_003291,class_054
test_003292,class_072
test_003293,class_000
test_003294,class_043
test_003295,class_032
test_003296,class_018
test_003297,class_023
test_003298,class_007
test_003299,class_006
test_003300,class_080
test_003301,class_037
test_003302,class_085
test_003303,class_029
test_003304,class_064
test_003305,class_091
test_003306,class_042
test_003307,class_048
test_003308,class_055
test_003309,class_045
test_003310,class_102
test_003311,class_101
test_003312,class_015
test_003313,class_003
test_003314,class_035
test_003315,class_104
test_003316,class_053
test_003317,class_009
test_003318,class_091
test_003319,class_010
test_003320,class_033
test_003321,class_100
test_003322,class_016
test_003323,class_102
test_003324,class_075
test_003325,class_003
test_003326,class_071
test_003327,class_091
test_003328,class_080
test_003329,class_036
test_003330,class_021
test_003331,class_007
test_003332,class_052
test_003333,class_018
test_003334,class_034
test_003335,class_098
test_003336,class_051
test_003337,class_094
test_003338,class_008
test_003339,class_066
test_003340,class_099
test_003341,class_047
test_003342,class_039
test_003343,class_034
test_003344,class_095
test_003345,class_087
test_003346,class_004
test_003347,class_091
test_003348,class_021
test_003349,class_011
test_003350,class_087
test_003351,class_024
test_003352,class_048
test_003353,class_011
test_003354,class_007
test_003355,class_095
test_003356,class_014
test_003357,class_047
test_003358,class_026
test_003359,class_047
test_003360,class_000
test_003361,class_071
test_003362,class_047
test_003363,class_083
test_003364,class_075
test_003365,class_006
test_003366,class_072
test_003367,class_027
test_003368,class_104
test_003369,class_083
test_003370,class_002
test_003371,class_060
test_003372,class_096
test_003373,class_028
test_003374,class_060
test_003375,class_001
test_003376,class_073
test_003377,class_090
test_003378,class_044
test_003379,class_082
test_003380,class_016
test_003381,class_036
test_003382,class_029
test_003383,class_047
test_003384,class_005
test_003385,class_018
test_003386,class_072
test_003387,class_025
test_003388,class_023
test_003389,class_000
test_003390,class_032
test_003391,class_105
test_003392,class_025
test_003393,class_106
test_003394,class_016
test_003395,class_067
test_003396,class_101
test_003397,class_068
test_003398,class_051
test_003399,class_032
test_003400,class_063
test_003401,class_098
test_003402,class_062
test_003403,class_005
test_003404,class_031
test_003405,class_107
test_003406,class_036
test_003407,class_065
test_003408,class_070
test_003409,class_094
test_003410,class_093
test_003411,class_007
test_003412,class_006
test_003413,class_062
test_003414,class_022
test_003415,class_097
test_003416,class_059
test_003417,class_033
test_003418,class_079
test_003419,class_103
test_003420,class_073
test_003421,class_005
test_003422,class_101
test_003423,class_082
test_003424,class_072
test_003425,class_012
test_003426,class_077
test_003427,class_090
test_003428,class_066
test_003429,class_062
test_003430,class_102
test_003431,class_106
test_003432,class_071
test_003433,class_004
test_003434,class_097
test_003435,class_061
test_003436,class_000
test_003437,class_091
test_003438,class_021
test_003439,class_087
test_003440,class_058
test_003441,class_093
test_003442,class_069
test_003443,class_056
test_003444,class_071
test_003445,class_023
test_003446,class_086
test_003447,class_033
test_003448,class_015
test_003449,class_095
test_003450,class_055
test_003451,class_043
test_003452,class_045
test_003453,class_099
test_003454,class_005
test_003455,class_050
test_003456,class_012
test_003457,class_036
test_003458,class_072
test_003459,class_070
test_003460,class_101
test_003461,class_048
test_003462,class_046
test_003463,class_052
test_003464,class_011
test_003465,class_067
test_003466,class_056
test_003467,class_041
test_003468,class_107
test_003469,class_006
test_003470,class_050
test_003471,class_062
test_003472,class_015
test_003473,class_036
test_003474,class_063
test_003475,class_057
test_003476,class_061
test_003477,class_003
test_003478,class_060
test_003479,class_089
test_003480,class_021
test_003481,class_098
test_003482,class_073
test_003483,class_034
test_003484,class_075
test_003485,class_006
test_003486,class_000
test_003487,class_036
test_003488,class_000
test_003489,class_016
test_003490,class_096
test_003491,class_024
test_003492,class_007
test_003493,class_084
test_003494,class_044
test_003495,class_006
test_003496,class_025
test_003497,class_005
test_003498,class_046
test_003499,class_057
test_003500,class_053
test_003501,class_057
test_003502,class_013
test_003503,class_045
test_003504,class_062
test_003505,class_081
test_003506,class_065
test_003507,class_083
test_003508,class_034
test_003509,class_107
test_003510,class_077
test_003511,class_063
test_003512,class_077
test_003513,class_071
test_003514,class_059
test_003515,class_099
test_003516,class_040
test_003517,class_017
test_003518,class_093
test_003519,class_056
test_003520,class_009
test_003521,class_039
test_003522,class_029
test_003523,class_082
test_003524,class_019
test_003525,class_023
test_003526,class_068
test_003527,class_064
test_003528,class_098
test_003529,class_076
test_003530,class_053
test_003531,class_083
test_003532,class_015
test_003533,class_087
test_003534,class_038
test_003535,class_064
test_003536,class_079
test_003537,class_056
test_003538,class_106
test_003539,class_066
test_003540,class_105
test_003541,class_037
test_003542,class_100
test_003543,class_039
test_003544,class_019
test_003545,class_069
test_003546,class_070
test_003547,class_037
test_003548,class_003
test_003549,class_034
test_003550,class_087
test_003551,class_095
test_003552,class_057
test_003553,class_044
test_003554,class_002
test_003555,class_071
test_003556,class_032
test_003557,class_024
test_003558,class_009
test_003559,class_026
test_003560,class_102
test_003561,class_067
test_003562,class_106
test_003563,class_061
test_003564,class_033
test_003565,class_085
test_003566,class_091
test_003567,class_036
test_003568,class_002
test_003569,class_030
test_003570,class_005
test_003571,class_043
test_003572,class_088
test_003573,class_005
test_003574,class_068
test_003575,class_048
test_003576,class_077
test_003577,class_103
test_003578,class_039
test_003579,class_090
test_003580,class_103
test_003581,class_010
test_003582,class_090
test_003583,class_051
test_003584,class_065
test_003585,class_028
test_003586,class_000
test_003587,class_032
test_003588,class_040
test_003589,class_002
test_003590,class_103
test_003591,class_076
test_003592,class_081
test_003593,class_004
test_003594,class_051
test_003595,class_022
test_003596,class_011
test_003597,class_033
test_003598,class_023
test_003599,class_039
test_003600,class_039
test_003601,class_036
test_003602,class_039
test_003603,class_004
test_003604,class_077
test_003605,class_044
test_003606,class_033
test_003607,class_043
test_003608,class_028
test_003609,class_000
test_003610,class_004
test_003611,class_060
test_003612,class_091
test_003613,class_065
test_003614,class_103
test_003615,class_021
test_003616,class_053
test_003617,class_028
test_003618,class_018
test_003619,class_041
test_003620,class_084
test_003621,class_029
test_003622,class_050
test_003623,class_014
test_003624,class_099
test_003625,class_027
test_003626,class_007
test_003627,class_074
test_003628,class_072
test_003629,class_050
test_003630,class_006
test_003631,class_097
test_003632,class_041
test_003633,class_073
test_003634,class_063
test_003635,class_039
test_003636,class_067
test_003637,class_102
test_003638,class_085
test_003639,class_032
test_003640,class_019
test_003641,class_042
test_003642,class_093
test_003643,class_059
test_003644,class_020
test_003645,class_043
test_003646,class_063
test_003647,class_042
test_003648,class_086
test_003649,class_090
test_003650,class_085
test_003651,class_068
test_003652,class_009
test_003653,class_029
test_003654,class_041
test_003655,class_103
test_003656,class_081
test_003657,class_018
test_003658,class_067
test_003659,class_028
test_003660,class_034
test_003661,class_024
test_003662,class_022
test_003663,class_036
test_003664,class_037
test_003665,class_085
test_003666,class_027
test_003667,class_055
test_003668,class_019
test_003669,class_016
test_003670,class_017
test_003671,class_058
test_003672,class_027
test_003673,class_016
test_003674,class_082
test_003675,class_024
test_003676,class_041
test_003677,class_037
test_003678,class_051
test_003679,class_058
test_003680,class_079
test_003681,class_095
test_003682,class_100
test_003683,class_026
test_003684,class_011
test_003685,class_061
test_003686,class_017
test_003687,class_030
test_003688,class_051
test_003689,class_059
test_003690,class_008
test_003691,class_056
test_003692,class_062
test_003693,class_096
test_003694,class_098
test_003695,class_013
test_003696,class_066
test_003697,class_096
test_003698,class_067
test_003699,class_094
test_003700,class_057
test_003701,class_068
test_003702,class_032
test_003703,class_061
test_003704,class_090
test_003705,class_048
test_003706,class_023
test_003707,class_071
test_003708,class_060
test_003709,class_056
test_003710,class_002
test_003711,class_011
test_003712,class_079
test_003713,class_066
test_003714,class_049
test_003715,class_032
test_003716,class_012
test_003717,class_039
test_003718,class_081
test_003719,class_040
test_003720,class_015
test_003721,class_093
test_003722,class_098
test_003723,class_059
test_003724,class_033
test_003725,class_071
test_003726,class_030
test_003727,class_065
test_003728,class_046
test_003729,class_008
test_003730,class_029
test_003731,class_063
test_003732,class_005
test_003733,class_043
test_003734,class_058
test_003735,class_019
test_003736,class_078
test_003737,class_038
test_003738,class_011
test_003739,class_069
test_003740,class_064
test_003741,class_022
test_003742,class_016
test_003743,class_094
test_003744,class_036
test_003745,class_018
test_003746,class_056
test_003747,class_064
test_003748,class_064
test_003749,class_072
test_003750,class_096
test_003751,class_014
test_003752,class_078
test_003753,class_004
test_003754,class_067
test_003755,class_086
test_003756,class_101
test_003757,class_078
test_003758,class_004
test_003759,class_007
test_003760,class_107
test_003761,class_007
test_003762,class_039
test_003763,class_008
test_003764,class_023
test_003765,class_020
test_003766,class_093
test_003767,class_089
test_003768,class_028
test_003769,class_035
test_003770,class_027
test_003771,class_047
test_003772,class_099
test_003773,class_045
test_003774,class_097
test_003775,class_082
test_003776,class_085
test_003777,class_068
test_003778,class_019
test_003779,class_072
test_003780,class_096
test_003781,class_100
test_003782,class_100
test_003783,class_088
test_003784,class_041
test_003785,class_088
test_003786,class_081
test_003787,class_033
test_003788,class_098
test_003789,class_014
test_003790,class_045
test_003791,class_081
test_003792,class_086
test_003793,class_050
test_003794,class_002
test_003795,class_078
test_003796,class_090
test_003797,class_059
test_003798,class_066
test_003799,class_095
test_003800,class_107
test_003801,class_065
test_003802,class_090
test_003803,class_081
test_003804,class_023
test_003805,class_097
test_003806,class_049
test_003807,class_053
test_003808,class_103
test_003809,class_017
test_003810,class_102
test_003811,class_069
test_003812,class_073
test_003813,class_005
test_003814,class_010
test_003815,class_075
test_003816,class_100
test_003817,class_042
test_003818,class_073
test_003819,class_027
test_003820,class_084
test_003821,class_095
test_003822,class_100
test_003823,class_048
test_003824,class_057
test_003825,class_015
test_003826,class_023
test_003827,class_093
test_003828,class_010
test_003829,class_089
test_003830,class_008
test_003831,class_038
test_003832,class_057
test_003833,class_034
test_003834,class_023
test_003835,class_029
test_003836,class_005
test_003837,class_092
test_003838,class_020
test_003839,class_002
test_003840,class_099
test_003841,class_002
test_003842,class_075
test_003843,class_020
test_003844,class_099
test_003845,class_068
test_003846,class_099
test_003847,class_046
test_003848,class_048
test_003849,class_016
test_003850,class_061
test_003851,class_093
test_003852,class_039
test_003853,class_078
test_003854,class_088
test_003855,class_077
test_003856,class_090
test_003857,class_012
test_003858,class_085
test_003859,class_000
test_003860,class_098
test_003861,class_025
test_003862,class_009
test_003863,class_053
test_003864,class_059
test_003865,class_009
test_003866,class_049
test_003867,class_063
test_003868,class_038
test_003869,class_022
test_003870,class_062
test_003871,class_046
test_003872,class_038
test_003873,class_083
test_003874,class_059
test_003875,class_056
test_003876,class_001
test_003877,class_019
test_003878,class_066
test_003879,class_070
test_003880,class_106
test_003881,class_081
test_003882,class_003
test_003883,class_082
test_003884,class_103
test_003885,class_077
test_003886,class_027
test_003887,class_104
test_003888,class_040
test_003889,class_053
test_003890,class_016
test_003891,class_074
test_003892,class_001
test_003893,class_070
test_003894,class_045
test_003895,class_085
test_003896,class_039
test_003897,class_007
test_003898,class_047
test_003899,class_047
test_003900,class_013
test_003901,class_044
test_003902,class_074
test_003903,class_050
test_003904,class_053
test_003905,class_008
test_003906,class_022
test_003907,class_072
test_003908,class_041
test_003909,class_063
test_003910,class_061
test_003911,class_038
test_003912,class_073
test_003913,class_070
test_003914,class_093
test_003915,class_056
test_003916,class_103
test_003917,class_106
test_003918,class_057
test_003919,class_065
test_003920,class_059
test_003921,class_008
test_003922,class_004
test_003923,class_012
test_003924,class_016
test_003925,class_004
test_003926,class_074
test_003927,class_058
test_003928,class_031
test_003929,class_015
test_003930,class_035
test_003931,class_022
test_003932,class_056
test_003933,class_038
test_003934,class_045
test_003935,class_029
test_003936,class_081
test_003937,class_066
test_003938,class_058
test_003939,class_056
test_003940,class_076
test_003941,class_046
test_003942,class_035
test_003943,class_094
test_003944,class_092
test_003945,class_033
test_003946,class_032
test_003947,class_041
test_003948,class_041
test_003949,class_022
test_003950,class_042
test_003951,class_090
test_003952,class_026
test_003953,class_018
test_003954,class_104
test_003955,class_052
test_003956,class_007
test_003957,class_092
test_003958,class_062
test_003959,class_047
test_003960,class_073
test_003961,class_091
test_003962,class_012
test_003963,class_041
test_003964,class_080
test_003965,class_106
test_003966,class_100
test_003967,class_084
test_003968,class_033
test_003969,class_105
test_003970,class_098
test_003971,class_095
test_003972,class_105
test_003973,class_008
test_003974,class_031
test_003975,class_004
test_003976,class_055
test_003977,class_032
test_003978,class_045
test_003979,class_081
test_003980,class_095
test_003981,class_062
test_003982,class_031
test_003983,class_016
test_003984,class_069
test_003985,class_014
test_003986,class_016
test_003987,class_058
test_003988,class_077
test_003989,class_000
test_003990,class_078
test_003991,class_104
test_003992,class_059
test_003993,class_099
test_003994,class_106
test_003995,class_015
test_003996,class_078
test_003997,class_007
test_003998,class_051
test_003999,class_033
